employee_id,Gender,remarks
1,Male,Nice
2,Female,Good
3,Male,Great
4,Female,Nice
5,Male,Good
6,Male,Nice
7,Female,Great
8,Male,Nice
9,Female,Good
10,Male,Great
11,Female,Nice
12,Male,Good
13,Female,Nice
14,Male,Great
15,Female,Nice
16,Male,Good
17,Female,Great
18,Male,Nice
19,Female,Good
20,Male,Great
21,Male,Nice
22,Female,Good
23,Male,Great
24,Female,Nice
25,Male,Good
26,Female,Nice
27,Male,Great
28,Female,Nice
29,Male,Good
30,Female,Great
31,Male,Nice
32,Female,Good
33,Male,Great
34,Female,Nice
35,Male,Good
36,Female,Nice
37,Male,Great
38,Female,Nice
39,Male,Good
40,Female,Great
41,Male,Nice
42,Female,Good
43,Male,Great
44,Female,Nice
45,Male,Good
46,Female,Nice
47,Male,Great
48,Female,Nice
49,Male,Good
50,Female,Great
51,Male,Nice
52,Female,Good
53,Male,Great
54,Female,Nice
55,Male,Good
56,Female,Nice
57,Male,Great
58,Female,Nice
59,Male,Good
60,Female,Great
61,Male,Nice
62,Female,Good
63,Male,Great
64,Female,Nice
65,Male,Good
66,Female,Nice
67,Male,Great
68,Female,Nice
69,Male,Good
70,Female,Great
71,Male,Nice
72,Female,Good
73,Male,Great
74,Female,Nice
75,Male,Good
76,Female,Nice
77,Male,Great
78,Female,Nice
79,Male,Good
80,Female,Great
81,Male,Nice
82,Female,Good
83,Male,Great
84,Female,Nice
85,Male,Good
86,Female,Nice
87,Male,Great
88,Female,Nice
89,Male,Good
90,Female,Great
91,Male,Nice
92,Female,Good
93,Male,Great
94,Female,Nice
95,Male,Good
96,Female,Nice
97,Male,Great
98,Female,Nice
99,Male,Good
100,Female,Great
101,Male,Nice
102,Female,Good
103,Male,Great
104,Female,Nice
105,Male,Good
106,Female,Nice
107,Male,Great
108,Female,Nice
109,Male,Good
110,Female,Great
111,Male,Nice
112,Female,Good
113,Male,Great
114,Female,Nice
115,Male,Good
116,Female,Nice
117,Male,Great
118,Female,Nice
119,Male,Good
120,Female,Great
121,Male,Nice
122,Female,Good
123,Male,Great
124,Female,Nice
125,Male,Good
126,Female,Nice
127,Male,Great
128,Female,Nice
129,Male,Good
130,Female,Great
131,Male,Nice
132,Female,Good
133,Male,Great
134,Female,Nice
135,Male,Good
136,Female,Nice
137,Male,Great
138,Female,Nice
139,Male,Good
140,Female,Great
141,Male,Nice
142,Female,Good
143,Male,Great
144,Female,Nice
145,Male,Good
146,Female,Nice
147,Male,Great
148,Female,Nice
149,Male,Good
150,Female,Great
151,Male,Nice
152,Female,Good
153,Male,Great
154,Female,Nice
155,Male,Good
156,Female,Nice
157,Male,Great
158,Female,Nice
159,Male,Good
160,Female,Great
161,Male,Nice
162,Female,Good
163,Male,Great
164,Female,Nice
165,Male,Good
166,Female,Nice
167,Male,Great
168,Female,Nice
169,Male,Good
170,Female,Great
171,Male,Nice
172,Female,Good
173,Male,Great
174,Female,Nice
175,Male,Good
176,Female,Nice
177,Male,Great
178,Female,Nice
179,Male,Good
180,Female,Great
181,Male,Nice
182,Female,Good
183,Male,Great
184,Female,Nice
185,Male,Good
186,Female,Nice
187,Male,Great
188,Female,Nice
189,Male,Good
190,Female,Great
191,Male,Nice
192,Female,Good
193,Male,Great
194,Female,Nice
195,Male,Good
196,Female,Nice
197,Male,Great
198,Female,Nice
199,Male,Good
200,Female,Great
201,Male,Nice
202,Female,Good
203,Male,Great
204,Female,Nice
205,Male,Good
206,Female,Nice
207,Male,Great
208,Female,Nice
209,Male,Good
210,Female,Great
211,Male,Nice
212,Female,Good
213,Male,Great
214,Female,Nice
215,Male,Good
216,Female,Nice
217,Male,Great
218,Female,Nice
219,Male,Good
220,Female,Great
221,Male,Nice
222,Female,Good
223,Male,Great
224,Female,Nice
225,Male,Good
226,Female,Nice
227,Male,Great
228,Female,Nice
229,Male,Good
230,Female,Great
231,Male,Nice
232,Female,Good
233,Male,Great
234,Female,Nice
235,Male,Good
236,Female,Nice
237,Male,Great
238,Female,Nice
239,Male,Good
240,Female,Great
241,Male,Nice
242,Female,Good
243,Male,Great
244,Female,Nice
245,Male,Good
246,Female,Nice
247,Male,Great
248,Female,Nice
249,Male,Good
250,Female,Great
251,Male,Nice
252,Female,Good
